Conversation_ID,Order,Speaker_ID,Line_ID,Text,AnimationTrigger,TargetCharacter_ID,AnimationClip,SneakersAnimationClip,SoundEffect,BeforeTextDelaySeconds
,,,,,,,,,,
,,,,,,,,,,
,,,,,,,,,,
Systems,,,,,,,,,,
SLIPPERS_CHANGED,1,NAME_PLAYER,SLIPPERS_CHANGED,,,,,,,
DAY1_CLASSOPEN_NS,1,NAME_HOMEROOM,DAY1_CLASSOPEN_NS_01,,,,,,,
DAY1_CLASSOPEN_NS,2,NAME_PLAYER,DAY1_CLASSOPEN_NS_02,,,,,,,
DAY1_CLASSOPEN_NS,3,NAME_HOMEROOM,DAY1_CLASSOPEN_NS_03,,,,,,,
DAY1_CLASSOPEN_NS,4,NAME_PLAYER,DAY1_CLASSOPEN_NS_04,,,,,,,
DAY2_CLASSOPEN_NS,1,NAME_HOMEROOM,DAY2_CLASSOPEN_NS_01,,,,,,,
DAY2_CLASSOPEN_NS,2,NAME_PLAYER,DAY2_CLASSOPEN_NS_02,,,,,,,
DAY2_CLASSOPEN_NS,3,NAME_HOMEROOM,DAY2_CLASSOPEN_NS_03,,,,,,,
DAY2_CLASSOPEN_NS,4,NAME_PLAYER,DAY2_CLASSOPEN_NS_04,,,,,,,
DAY3_CLASSOPEN_NS,1,,DAY3_CLASSOPEN_NS_01,,,,,,,
DAY3_CLASSOPEN_NS,2,,DAY3_CLASSOPEN_NS_02,,,,,,,
DAY3_CLASSOPEN_NS,3,,DAY3_CLASSOPEN_NS_03,,,,,,,
DAY3_CLASSOPEN_NS,4,,DAY3_CLASSOPEN_NS_04,,,,,,,
DAY4_CLASSOPEN_NS,1,,DAY4_CLASSOPEN_NS_01,,,,,,,
DAY4_CLASSOPEN_NS,2,,DAY4_CLASSOPEN_NS_02,,,,,,,
DAY4_CLASSOPEN_NS,3,,DAY4_CLASSOPEN_NS_03,,,,,,,
DAY4_CLASSOPEN_NS,4,,DAY4_CLASSOPEN_NS_04,,,,,,,
DAY5_CLASSOPEN_NS,1,,DAY5_CLASSOPEN_NS_01,,,,,,,
DAY5_CLASSOPEN_NS,2,,DAY5_CLASSOPEN_NS_02,,,,,,,
DAY5_CLASSOPEN_NS,3,,DAY5_CLASSOPEN_NS_03,,,,,,,
DAY5_CLASSOPEN_NS,4,,DAY5_CLASSOPEN_NS_04,,,,,,,
,,,,,,,,,,
,,,,,,,,,,
Day_1,,,,,,,,,,
D1_MOR,,,,,,,,,,
,,,,,,,,,,
DAY1_CHAT_M,1,NAME_GONYONG,DAY1_CHAT_M_01,,,,,,,
DAY1_CHAT_M,2,NAME_GONYONG,DAY1_CHAT_M_02,,,,,,,
DAY1_CHAT_M,3,NAME_GONYONG,DAY1_CHAT_M_03,,,,,,,
DAY1_CHAT_M,4,NAME_GONYONG,DAY1_CHAT_M_04,,,,,,,
DAY1_CHAT_M,5,NAME_MINUM,DAY1_CHAT_M_05,,,,,,,
DAY1_CHAT_M,6,NAME_MINUM,DAY1_CHAT_M_06,,,,,,,
DAY1_CHAT_M,7,NAME_MINUM,DAY1_CHAT_M_07,,,,,,,
DAY1_CHAT_M,8,NAME_MINUM,DAY1_CHAT_M_08,,,,,,,
DAY1_CHAT_M,9,NAME_SOWRD,DAY1_CHAT_M_09,,,,,,,
DAY1_CHAT_M,10,NAME_PLAYER,DAY1_CHAT_M_10,,,,,,,
DAY1_CHAT_M,11,NAME_MINUM,DAY1_CHAT_M_11,,,,,,,
DAY1_CHAT_M,12,NAME_MINUM,DAY1_CHAT_M_12,,,,,,,
DAY1_CHAT_M,13,NAME_MING,DAY1_CHAT_M_13,,,,,,,
DAY1_CHAT_M,14,NAME_MING,DAY1_CHAT_M_14,,,,,,,
DAY1_CHAT_M,15,NAME_SOWRD,DAY1_CHAT_M_15,,,,,,,
DAY1_CHAT_M,16,NAME_SOWRD,DAY1_CHAT_M_16,,,,,,,
DAY1_CHAT_M,17,NAME_SOWRD,DAY1_CHAT_M_17,,,,,,,
DAY1_CHAT_M,18,NAME_SOWRD,DAY1_CHAT_M_18,,,,,,,
DAY1_CHAT_M,19,NAME_PIGGY,DAY1_CHAT_M_19,,,,,,,
DAY1_CHAT_M,20,NAME_PIGGY,DAY1_CHAT_M_20,,,,,,,
DAY1_CHAT_M,21,NAME_PLAYER,DAY1_CHAT_M_21,,,,,,,
DAY1_CHAT_M,22,NAME_PLAYER,DAY1_CHAT_M_22,,,,,,,
,,,,,,,,,,
DAY1_MOR_SOWRD,1,NAME_PLAYER,DAY1_MOR_SOWRD_01,,,,,,,
DAY1_MOR_SOWRD,2,NAME_PLAYER,DAY1_MOR_SOWRD_02,,,,,,,
DAY1_MOR_SOWRD,3,NAME_SOWRD,DAY1_MOR_SOWRD_03,,,,,,,
DAY1_MOR_DABONG,1,NAME_DABONG,DAY1_MOR_DABONG_01,,,,,,,
DAY1_MOR_DABONG,2,NAME_PLAYER,DAY1_MOR_DABONG_02,,,,,,,
DAY1_MOR_DABONG,3,NAME_DABONG,DAY1_MOR_DABONG_03,,,,,,,
DAY1_MOR_DABONG,4,NAME_PLAYER,DAY1_MOR_DABONG_04,,,,,,,
DAY1_MOR_DABONG,5,NAME_DABONG,DAY1_MOR_DABONG_05,,,,,,,
DAY1_MOR_DABONG,6,NAME_PLAYER,DAY1_MOR_DABONG_06,,,,,,,
DAY1_MOR_DABONG,7,NAME_PLAYER,DAY1_MOR_DABONG_07,,,,,,,
DAY1_MOR_DABONG,8,NAME_DABONG,DAY1_MOR_DABONG_08,,,,,,,
DAY1_MOR_DABONG,9,NAME_PLAYER,DAY1_MOR_DABONG_09,,,,,,,
DAY1_MOR_MINUM,1,NAME_PLAYER,DAY1_MOR_MINUM_01,,,,,,,
DAY1_MOR_MINUM,2,NAME_MINUM,DAY1_MOR_MINUM_02,,,,,,,
DAY1_MOR_MINUM,3,NAME_MINUM,DAY1_MOR_MINUM_03,,,,,,,
DAY1_MOR_MINUM,4,NAME_MINUM,DAY1_MOR_MINUM_04,,,,,,,
DAY1_MOR_MINUM,5,NAME_MINUM,DAY1_MOR_MINUM_05,,,,,,,
DAY1_MOR_MINUM,6,NAME_MINUM,DAY1_MOR_MINUM_06,,,,,,,
DAY1_MOR_MINUM,7,NAME_PLAYER,DAY1_MOR_MINUM_07,,,,,,,
DAY1_MOR_MINUM,8,NAME_MINUM,DAY1_MOR_MINUM_08,,,,,,,
DAY1_MOR_HWAN,1,NAME_PLAYER,DAY1_MOR_HWAN_01,,,,,,,
DAY1_MOR_HWAN,2,NAME_HWAN,DAY1_MOR_HWAN_02,,,,,,,
,,,,,,,,,,
DAY1_MOR_ADULT,1,NAME_PLAYER,DAY1_MOR_ADULT_01,뭐하냐,,,,,,
DAY1_MOR_ADULT,2,NAME_ADULT,DAY1_MOR_ADULT_02,이 몸 등장!,,NAME_ADULT,ADULT_Earbuds,,,
DAY1_MOR_ADULT,3,NAME_PLAYER,DAY1_MOR_ADULT_03,?,,NAME_PLAYER|NAME_ADULT,CharAmin_Shocked|ADULT_Earbuds,CharAmin_Shocked_Shoes|,,
DAY1_MOR_ADULT,4,NAME_PLAYER,DAY1_MOR_ADULT_04,뭐임????,,NAME_PLAYER|NAME_ADULT,CharAmin_Shocked|ADULT_Earbuds,CharAmin_Shocked_Shoes|,,
DAY1_MOR_ADULT,5,NAME_PLAYER,DAY1_MOR_ADULT_05,지금 콧구멍에 에어팟 꽂은거야!!??,,NAME_PLAYER|NAME_ADULT,CharAmin_Shocked|ADULT_Earbuds,CharAmin_Shocked_Shoes|,,
DAY1_MOR_ADULT,6,NAME_PLAYER,DAY1_MOR_ADULT_06,와 미친,,NAME_PLAYER|NAME_ADULT,CharAmin_Shocked|ADULT_Earbuds,CharAmin_Shocked_Shoes|,,
DAY1_MOR_ADULT,7,NAME_PLAYER,DAY1_MOR_ADULT_07,대박,,NAME_PLAYER|NAME_ADULT,CharAmin_Shocked|ADULT_Earbuds,CharAmin_Shocked_Shoes|,,
DAY1_MOR_ADULT,8,NAME_PLAYER,DAY1_MOR_ADULT_08,잠만,,NAME_PLAYER|NAME_ADULT,CharAmin_Shocked|ADULT_Earbuds,CharAmin_Shocked_Shoes|,,
DAY1_MOR_ADULT,9,NAME_PLAYER,DAY1_MOR_ADULT_09,나 사진 찍어도 됨?,,NAME_PLAYER|NAME_ADULT,CharAmin_Shocked|ADULT_Earbuds,CharAmin_Shocked_Shoes|,,
DAY1_MOR_ADULT,10,NAME_PLAYER,DAY1_MOR_ADULT_10,고뇽이 보여주면 진짜 좋아할 거 같은데,,NAME_PLAYER|NAME_ADULT,CharAmin_Shocked|ADULT_Earbuds,CharAmin_Shocked_Shoes|,,
DAY1_MOR_ADULT,11,NAME_ADULT,DAY1_MOR_ADULT_11,기꺼이,,NAME_PLAYER|NAME_ADULT,CharAmin_Shocked|ADULT_Earbuds,CharAmin_Shocked_Shoes|,,
DAY1_MOR_ADULT,12,NAME_PLAYER,DAY1_MOR_ADULT_12,미쳤다. 진짜 미쳤다.,,NAME_PLAYER|NAME_ADULT,CharAmin_Photo|ADULT_Earbuds,CharAmin_Photo_Shoes|,,
DAY1_MOR_ADULT,13,NAME_PLAYER,DAY1_MOR_ADULT_13,너 유튜버 해라 진짜,,NAME_PLAYER|NAME_ADULT,Player_Idle|ADULT_Earbuds,Player_Idle_Shoes|,,
DAY1_MOR_ADULT,14,NAME_PLAYER,DAY1_MOR_ADULT_14,100만 찍을 수 있어 진심으로,,NAME_PLAYER|NAME_ADULT,Player_Idle|ADULT_Earbuds,Player_Idle_Shoes|,,
DAY1_MOR_ADULT,15,NAME_ADULT,DAY1_MOR_ADULT_15,ㅋ 진짜 할까,,NAME_PLAYER|NAME_ADULT,Player_Idle|ADULT_Earbuds,Player_Idle_Shoes|,,
DAY1_MOR_ADULT,16,NAME_ADULT,DAY1_MOR_ADULT_16,안그래도 졸업하고 할 것도 없겠다,,NAME_PLAYER|NAME_ADULT,Player_Idle|ADULT_Earbuds,Player_Idle_Shoes|,,
DAY1_MOR_ADULT,17,NAME_PLAYER,DAY1_MOR_ADULT_17,넌 된다 진짜.,,NAME_PLAYER|NAME_ADULT,Player_Idle|ADULT_Earbuds,Player_Idle_Shoes|,,
DAY1_MOR_ADULT,18,NAME_PLAYER,DAY1_MOR_ADULT_18,근데 그거 다시 귀에다 꽂을 거야?,,NAME_PLAYER|NAME_ADULT,Player_Idle|ADULT_Earbuds,Player_Idle_Shoes|,,
DAY1_MOR_ADULT,19,NAME_ADULT,DAY1_MOR_ADULT_19,헝? (코 먹는 소리),,NAME_PLAYER|NAME_ADULT,Player_Idle|ADULT_Earbuds,Player_Idle_Shoes|,,
DAY1_MOR_ADULT,20,NAME_PLAYER,DAY1_MOR_ADULT_20,아니야... 됐어...,,NAME_PLAYER|NAME_ADULT,CharAmin_Boring|ADULT_Earbuds,CharAmin_Boring_Shoes|,,
DAY1_MOR_GONYONG,1,NAME_PLAYER,DAY1_MOR_GONYONG_01,안녕,,,,,,
DAY1_MOR_GONYONG,2,NAME_GONYONG,DAY1_MOR_GONYONG_02,잼얘좀,,,,,,
DAY1_MOR_GONYONG,3,NAME_PLAYER,DAY1_MOR_GONYONG_03,나도 아직 없는데,,,,,,
DAY1_MOR_GONYONG,4,NAME_GONYONG,DAY1_MOR_GONYONG_04,힝,,,,,,
DAY1_MOR_GONYONG_EVENT,1,NAME_PLAYER,DAY1_MOR_GONYONG_EVENT_01,야야야야야 잼얘 갖고옴,,,,,,
DAY1_MOR_GONYONG_EVENT,2,NAME_PLAYER,DAY1_MOR_GONYONG_EVENT_02,엉인이 콧구멍에 에어팟 꽂은 짤,,,,,,
DAY1_MOR_GONYONG_EVENT,3,NAME_GONYONG,DAY1_MOR_GONYONG_EVENT_03,뭐ㅓ어ㅋㅋㅋㅋㅋㅋㅋㅋㅋㅋㅋ,,NAME_GONYONG,GONYONG_Smile,,,
DAY1_MOR_GONYONG_EVENT,4,NAME_GONYONG,DAY1_MOR_GONYONG_EVENT_04,당장 보여줘,,,,,,
DAY1_MOR_GONYONG_EVENT,5,NAME_PLAYER,DAY1_MOR_GONYONG_EVENT_05,이이이ㅣ 봐ㅏㅏ,,,,,,
DAY1_MOR_GONYONG_EVENT,6,NAME_GONYONG,DAY1_MOR_GONYONG_EVENT_06,미ㅋ친ㅋ놈ㅋㅋㅋㅋㅋ,,NAME_GONYONG,GONYONG_Smile,,,
DAY1_MOR_GONYONG_EVENT,7,NAME_GONYONG,DAY1_MOR_GONYONG_EVENT_07,와,,NAME_GONYONG,GONYONG_Smile,,,
DAY1_MOR_GONYONG_EVENT,8,NAME_PLAYER,DAY1_MOR_GONYONG_EVENT_08,어떻게 이럴 수가 있지,,NAME_GONYONG,GONYONG_Smile,,,
DAY1_MOR_GONYONG_EVENT,9,NAME_PLAYER,DAY1_MOR_GONYONG_EVENT_09,나 진짜 살면서 처음으로,,NAME_GONYONG,GONYONG_Smile,,,
DAY1_MOR_GONYONG_EVENT,10,NAME_PLAYER,DAY1_MOR_GONYONG_EVENT_10,재능의 벽이라는 걸 느꼈어,,NAME_GONYONG,GONYONG_Smile,,,
DAY1_MOR_GONYONG_EVENT,11,NAME_PLAYER,DAY1_MOR_GONYONG_EVENT_11,저게 재능이구나,,NAME_GONYONG,GONYONG_Smile,,,
DAY1_MOR_GONYONG_EVENT,12,NAME_GONYONG,DAY1_MOR_GONYONG_EVENT_12,결혼식때 틀어버리자,,NAME_GONYONG,GONYONG_Smile,,,
DAY1_MOR_GONYONG_EVENT,13,NAME_PLAYER,DAY1_MOR_GONYONG_EVENT_13,뒤졌따,,NAME_GONYONG,GONYONG_Smile,,,
DAY1_MOR_GONYONG_EVENT,14,NAME_GONYONG,DAY1_MOR_GONYONG_EVENT_14,개웃기네ㅋㅋㅋㅋㅋㅋㅋㅋㅋㅋㅋ,,NAME_GONYONG,GONYONG_Smile,,,
DAY1_MOR_GONYONG_EVENT,15,NAME_PLAYER,DAY1_MOR_GONYONG_EVENT_15,레전드 짤 수집했다,,,,,,
DAY1_MOR_GONYONG_EVENT,16,NAME_GONYONG,DAY1_MOR_GONYONG_EVENT_16,좋다,,,,,,
,,,,,,,,,,
,,,,,,,,,,
,,,,,,,,,,
DAY1_CLASSOPEN,1,NAME_HOMEROOM,DAY1_CLASSOPEN_01,,,,,,,
DAY1_CLASSOPEN,2,NAME_HOMEROOM,DAY1_CLASSOPEN_02,,,,,,,
DAY1_CLASSOPEN,3,NAME_MINUM,DAY1_CLASSOPEN_03,,,,,,,
DAY1_CLASSOPEN,4,NAME_MINUM,DAY1_CLASSOPEN_04,,,,,,,
DAY1_CLASSOPEN,5,NAME_NUREONG,DAY1_CLASSOPEN_05,,,,,,,
DAY1_CLASSOPEN,6,NAME_HOMEROOM,DAY1_CLASSOPEN_06,,,,,,,
DAY1_CLASSOPEN,7,NAME_HOMEROOM,DAY1_CLASSOPEN_07,,,,,,,
DAY1_CLASSOPEN,8,NAME_NUREONG,DAY1_CLASSOPEN_08,,,,,,,
DAY1_CLASSOPEN,9,NAME_ADULT,DAY1_CLASSOPEN_09,,,,,,,
DAY1_CLASSOPEN,10,NAME_HOMEROOM,DAY1_CLASSOPEN_10,,,,,,,
DAY1_CLASSOPEN,11,NAME_HOMEROOM,DAY1_CLASSOPEN_11,,,,,,,
DAY1_CLASSOPEN,12,NAME_HOMEROOM,DAY1_CLASSOPEN_12,,,,,,,
,,,,,,,,,,
,,,,,,,,,,
,,,,,,,,,,
,,,,,,,,,,
,,,,,,,,,,
,,,,,,,,,,
D1_Class1,,,,,,,,,,
,,,,,,,,,,
D1_CLASS1_START,1,NAME_SOCIAL,D1_CLASS1_START_01,,,,,,,
D1_CLASS1_START,2,NAME_SOCIAL,D1_CLASS1_START_02,,,,,,,
D1_CLASS1_START,3,NAME_NUREONG,D1_CLASS1_START_03,,,,,,,
D1_CLASS1_START,4,NAME_SOCIAL,D1_CLASS1_START_04,,,,,,,
D1_CLASS1_START,5,NAME_PIGGY,D1_CLASS1_START_05,,,,,,,
D1_CLASS1_START,6,NAME_PIGGY,D1_CLASS1_START_06,,,,,,,
D1_CLASS1_START,7,NAME_SOCIAL,D1_CLASS1_START_07,,,,,,,
D1_CLASS1_START,8,NAME_SOCIAL,D1_CLASS1_START_08,,,,,,,
D1_CLASS1_START,9,NAME_SOCIAL,D1_CLASS1_START_09,,,,,,,
D1_CLASS1_START,10,NAME_SOCIAL,D1_CLASS1_START_10,,,,,,,
D1_CLASS1_START,11,NAME_ADULT,D1_CLASS1_START_11,,,,,,,
D1_CLASS1_START,12,NAME_ADULT,D1_CLASS1_START_12,,,,,,,
D1_CLASS1_START,13,NAME_PLAYER,D1_CLASS1_START_13,,,,,,,
D1_CLASS1_START,14,NAME_MINUM,D1_CLASS1_START_14,,,,,,,
D1_CLASS1_START,15,NAME_SOCIAL,D1_CLASS1_START_15,,,,,,,
D1_CLASS1_START,16,NAME_SOCIAL,D1_CLASS1_START_16,,,,,,,
D1_CLASS1_START,17,NAME_SOCIAL,D1_CLASS1_START_17,,,,,,,
D1_CLASS1_START,18,NAME_SOCIAL,D1_CLASS1_START_18,,,,,,,
D1_CLASS1_START,19,NAME_SOCIAL,D1_CLASS1_START_19,,,,,,,
D1_CLASS1_START,20,NAME_PLAYER,D1_CLASS1_START_20,,,,,,,
D1_CLASS1_START,21,NAME_PLAYER,D1_CLASS1_START_21,,,,,,,
D1_CLASS1_MINIGAME,1,NAME_SOCIAL,D1_CLASS1_MINIGAME_01,,,,,,,
D1_CLASS1_MINIGAME,2,NAME_SOCIAL,D1_CLASS1_MINIGAME_02,,,,,,,
D1_CLASS1_MINIGAME,3,NAME_SOCIAL,D1_CLASS1_MINIGAME_03,,,,,,,
D1_CLASS1_MINIGAME,4,NAME_SOCIAL,D1_CLASS1_MINIGAME_04,,,,,,,
D1_CLASS1_MINIGAME,5,NAME_SOCIAL,D1_CLASS1_MINIGAME_05,,,,,,,
D1_CLASS1_MINIGAME,6,NAME_SOCIAL,D1_CLASS1_MINIGAME_06,,,,,,,
D1_CLASS1_MINIGAME,7,NAME_SOCIAL,D1_CLASS1_MINIGAME_07,,,,,,,
D1_CLASS1_MINIGAME,8,NAME_SOCIAL,D1_CLASS1_MINIGAME_08,,,,,,,
D1_CLASS1_MINIGAME,9,NAME_SOCIAL,D1_CLASS1_MINIGAME_09,,,,,,,
D1_CLASS1_MINIGAME,10,NAME_SOCIAL,D1_CLASS1_MINIGAME_10,,,,,,,
D1_CLASS1_MINIGAME,11,NAME_SOCIAL,D1_CLASS1_MINIGAME_11,,,,,,,
D1_CLASS1_MINIGAME,12,NAME_SOCIAL,D1_CLASS1_MINIGAME_12,,,,,,,
D1_CLASS1_MINIGAME,13,NAME_SOCIAL,D1_CLASS1_MINIGAME_13,,,,,,,
D1_CLASS1_MINIGAME,14,NAME_SOCIAL,D1_CLASS1_MINIGAME_14,,,,,,,
D1_CLASS1_MINIGAME,15,NAME_SOCIAL,D1_CLASS1_MINIGAME_15,,,,,,,
D1_CLASS1_MINIGAME,16,NAME_SOCIAL,D1_CLASS1_MINIGAME_16,,,,,,,
D1_CLASS1_MINIGAME,17,NAME_SOCIAL,D1_CLASS1_MINIGAME_17,,,,,,,
D1_CLASS1_MINIGAME,18,NAME_SOCIAL,D1_CLASS1_MINIGAME_18,,,,,,,
D1_CLASS1_MINIGAME,19,NAME_SOCIAL,D1_CLASS1_MINIGAME_19,,,,,,,
D1_CLASS1_MINIGAME,20,NAME_SOCIAL,D1_CLASS1_MINIGAME_20,,,,,,,
D1_CLASS1_MINIGAME,21,NAME_SOCIAL,D1_CLASS1_MINIGAME_21,,,,,,,
D1_CLASS1_MINIGAME,22,NAME_SOCIAL,D1_CLASS1_MINIGAME_22,,,,,,,
D1_CLASS1_MINIGAME,23,NAME_SOCIAL,D1_CLASS1_MINIGAME_23,,,,,,,
D1_CLASS1_MINIGAME,24,NAME_SOCIAL,D1_CLASS1_MINIGAME_24,,,,,,,
D1_CLASS1_MINIGAME,25,NAME_SOCIAL,D1_CLASS1_MINIGAME_25,,,,,,,
D1_CLASS1_MINIGAME,26,NAME_SOCIAL,D1_CLASS1_MINIGAME_26,,,,,,,
D1_CLASS1_MINIGAME,27,NAME_SOCIAL,D1_CLASS1_MINIGAME_27,,,,,,,
D1_CLASS1_MINIGAME,28,NAME_SOCIAL,D1_CLASS1_MINIGAME_28,,,,,,,
D1_CLASS1_MINIGAME,29,NAME_SOCIAL,D1_CLASS1_MINIGAME_29,,,,,,,
D1_CLASS1_MINIGAME,30,NAME_SOCIAL,D1_CLASS1_MINIGAME_30,,,,,,,
D1_CLASS1_MINIGAME,31,NAME_SOCIAL,D1_CLASS1_MINIGAME_31,,,,,,,
D1_CLASS1_MINIGAME,32,NAME_SOCIAL,D1_CLASS1_MINIGAME_32,,,,,,,
D1_CLASS1_MINIGAME,33,NAME_SOCIAL,D1_CLASS1_MINIGAME_33,,,,,,,
D1_CLASS1_MINIGAME,34,NAME_SOCIAL,D1_CLASS1_MINIGAME_34,,,,,,,
D1_CLASS1_MINIGAME,35,NAME_SOCIAL,D1_CLASS1_MINIGAME_35,,,,,,,
D1_CLASS1_MINIGAME,36,NAME_SOCIAL,D1_CLASS1_MINIGAME_36,,,,,,,
D1_CLASS1_MINIGAME,37,NAME_SOCIAL,D1_CLASS1_MINIGAME_37,,,,,,,
D1_CLASS1_MINIGAME,38,NAME_SOCIAL,D1_CLASS1_MINIGAME_38,,,,,,,
D1_CLASS1_MINIGAME,39,NAME_SOCIAL,D1_CLASS1_MINIGAME_39,,,,,,,
D1_CLASS1_MINIGAME,40,NAME_SOCIAL,D1_CLASS1_MINIGAME_40,,,,,,,
D1_CLASS1_MINIGAME,41,NAME_SOCIAL,D1_CLASS1_MINIGAME_41,,,,,,,
D1_CLASS1_END,1,NAME_SOCIAL,D1_CLASS1_END_01,,,,,,,
D1_CLASS1_END,2,NAME_SOCIAL,D1_CLASS1_END_02,,,,,,,
D1_CLASS1_END,3,NAME_SOCIAL,D1_CLASS1_END_03,,,,,,,
,,,,,,,,,,
D1_Lunch,,,,,,,,,,
,,,,,,,,,,
,,,,,,,,,,
,,,,,,,,,,
,,,,,,,,,,
,,,,,,,,,,
,,,,,,,,,,
,,,,,,,,,,
,,,,,,,,,,
,,,,,,,,,,
,,,,,,,,,,
,,,,,,,,,,
,,,,,,,,,,
,,,,,,,,,,
,,,,,,,,,,
DAY1_LUNCH_MINUM,1,NAME_PLAYER,DAY1_LUNCH_MINUM_01,미눔이 잔다,,,,,,
DAY1_LUNCH_MINUM,2,NAME_PLAYER,DAY1_LUNCH_MINUM_02,(찰칵!),,NAME_PLAYER,CharAmin_Photo,,,
DAY1_LUNCH_MINUM,3,NAME_PLAYER,DAY1_LUNCH_MINUM_03,ㅎㅎ,,NAME_PLAYER,CharAmin_Smile,,,
DAY1_LUNCH_MINUM,4,NAME_PLAYER,DAY1_LUNCH_MINUM_04,나는야 도촬범~,,NAME_PLAYER,CharAmin_Smile,,,
,,,,,,,,,,
DAY1_LUNCH_ADULT,1,NAME_PLAYER,DAY1_LUNCH_ADULT_01,,,,,,,
DAY1_LUNCH_ADULT,2,NAME_ADULT,DAY1_LUNCH_ADULT_02,,,,,,,
DAY1_LUNCH_ADULT,3,NAME_PLAYER,DAY1_LUNCH_ADULT_03,,,,,,,
DAY1_LUNCH_ADULT,4,NAME_ADULT,DAY1_LUNCH_ADULT_04,,,,,,,
DAY1_LUNCH_ADULT,5,NAME_ADULT,DAY1_LUNCH_ADULT_05,,,,,,,
DAY1_LUNCH_ADULT,6,NAME_ADULT,DAY1_LUNCH_ADULT_06,,,,,,,
DAY1_LUNCH_ADULT,7,NAME_PLAYER,DAY1_LUNCH_ADULT_07,,,,,,,
DAY1_LUNCH_ADULT,8,NAME_ADULT,DAY1_LUNCH_ADULT_08,,,,,,,
DAY1_LUNCH_ADULT,9,NAME_ADULT,DAY1_LUNCH_ADULT_09,,,,,,,
DAY1_LUNCH_ADULT,10,NAME_ADULT,DAY1_LUNCH_ADULT_10,,,,,,,
DAY1_LUNCH_ADULT,11,NAME_PLAYER,DAY1_LUNCH_ADULT_11,,,,,,,
DAY1_LUNCH_ADULT,12,NAME_PLAYER,DAY1_LUNCH_ADULT_12,,,,,,,
DAY1_LUNCH_ADULT,13,NAME_HWAN,DAY1_LUNCH_ADULT_13,,,,,,,
DAY1_LUNCH_ADULT,14,NAME_PLAYER,DAY1_LUNCH_ADULT_14,,,,,,,
DAY1_LUNCH_ADULT,15,NAME_ADULT,DAY1_LUNCH_ADULT_15,,,,,,,
DAY1_LUNCH_ADULT,16,NAME_ADULT,DAY1_LUNCH_ADULT_16,,,,,,,
DAY1_LUNCH_ADULT,17,NAME_ADULT,DAY1_LUNCH_ADULT_17,,,,,,,
DAY1_LUNCH_ADULT,18,NAME_PLAYER,DAY1_LUNCH_ADULT_18,,,,,,,
DAY1_LUNCH_ADULT,19,NAME_ADULT,DAY1_LUNCH_ADULT_19,,,,,,,
,,,,,,,,,,
,,,,,,,,,,
,,,,,,,,,,
,,,,,,,,,,
,,,,,,,,,,
,,,,,,,,,,
,,,,,,,,,,
,,,,,,,,,,
,,,,,,,,,,
,,,,,,,,,,
DAY1_LUNCH_SOWRD,1,NAME_SOWRD,DAY1_LUNCH_SOWRD_01,,,,,,,
DAY1_LUNCH_SOWRD,2,NAME_GONYONG,DAY1_LUNCH_SOWRD_02,,,,,,,
DAY1_LUNCH_SOWRD,3,NAME_SOWRD,DAY1_LUNCH_SOWRD_03,,,,,,,
DAY1_LUNCH_SOWRD,4,NAME_GONYONG,DAY1_LUNCH_SOWRD_04,,,,,,,
DAY1_LUNCH_SOWRD,5,NAME_GONYONG,DAY1_LUNCH_SOWRD_05,,,,,,,
DAY1_LUNCH_SOWRD,6,NAME_SOWRD,DAY1_LUNCH_SOWRD_06,,,,,,,
DAY1_LUNCH_SOWRD,7,NAME_SOWRD,DAY1_LUNCH_SOWRD_07,,,,,,,
DAY1_LUNCH_SOWRD,8,NAME_PLAYER,DAY1_LUNCH_SOWRD_08,,,,,,,
DAY1_LUNCH_SOWRD,9,NAME_PLAYER,DAY1_LUNCH_SOWRD_09,,,,,,,
DAY1_LUNCH_SOWRD,10,NAME_GONYONG,DAY1_LUNCH_SOWRD_10,,,,,,,
DAY1_LUNCH_SOWRD,11,NAME_GONYONG,DAY1_LUNCH_SOWRD_11,,,,,,,
DAY1_LUNCH_SOWRD,12,NAME_PLAYER,DAY1_LUNCH_SOWRD_12,,,,,,,
DAY1_LUNCH_SOWRD,13,NAME_SOWRD,DAY1_LUNCH_SOWRD_13,,,,,,,
DAY1_LUNCH_SOWRD,14,NAME_PLAYER,DAY1_LUNCH_SOWRD_14,,,,,,,
,,,,,,,,,,
DAY1_LUNCH_MING,1,NAME_PLAYER,DAY1_LUNCH_MING_01,안녕 밍,,,,,,
DAY1_LUNCH_MING,2,NAME_PLAYER,DAY1_LUNCH_MING_02,여기서 뭐해?,,NAME_PLAYER,CharAmin_Photo,,,
DAY1_LUNCH_MING,3,NAME_MING,DAY1_LUNCH_MING_03,그냥..,,NAME_PLAYER,CharAmin_Smile,,,
DAY1_LUNCH_MING,4,NAME_MING,DAY1_LUNCH_MING_04,햇살 쬐는 중..,,NAME_PLAYER,CharAmin_Smile,,,
DAY1_LUNCH_MING,5,NAME_MING,DAY1_LUNCH_MING_05,빨리 집 가고 싶다,,,,,,
DAY1_LUNCH_MING,6,NAME_MING,DAY1_LUNCH_MING_07,매일매일 아침 7시에 일어나는 거,,,,,,
DAY1_LUNCH_MING,7,NAME_MING,DAY1_LUNCH_MING_08,끔찍해,,,,,,
DAY1_LUNCH_MING,8,NAME_PLAYER,DAY1_LUNCH_MING_09,그러게,,,,,,
DAY1_LUNCH_MING,9,NAME_PLAYER,DAY1_LUNCH_MING_10,어떻게 매일 매주 매달 매년이 이렇게,,,,,,
DAY1_LUNCH_MING,10,NAME_PLAYER,DAY1_LUNCH_MING_11,똑같을 수가 있지,,,,,,
DAY1_LUNCH_MING,11,NAME_PLAYER,DAY1_LUNCH_MING_12,우리는 언제쯤 맘 편히 놀 수 있는 걸까,,,,,,
DAY1_LUNCH_MING,12,NAME_PLAYER,DAY1_LUNCH_MING_13,방학도 있긴 하지만,,,,,,
DAY1_LUNCH_MING,13,NAME_PLAYER,DAY1_LUNCH_MING_14,방학은 놀기에 너무 덥고 춥단 말이지,,,,,,
DAY1_LUNCH_MING,14,NAME_PLAYER,DAY1_LUNCH_MING_15,나도 따뜻하고 시원할 때 놀고 싶다고,,,,,,
DAY1_LUNCH_MING,15,NAME_PLAYER,DAY1_LUNCH_MING_16,날씨 좋을 때,,,,,,
DAY1_LUNCH_MING,16,NAME_MING,DAY1_LUNCH_MING_17,로봇아..,,,,,,
DAY1_LUNCH_MING,17,NAME_MING,DAY1_LUNCH_MING_18,회사가면 방학도 없어,,,,,,
DAY1_LUNCH_MING,18,NAME_PLAYER,DAY1_LUNCH_MING_19,...,,,,,,
DAY1_LUNCH_MING,19,NAME_MING,DAY1_LUNCH_MING_20,*발,,,,,,
DAY1_LUNCH_MING,20,NAME_MING,DAY1_LUNCH_MING_21,암울하다,,,,,,
DAY1_LUNCH_MING,21,NAME_MING,DAY1_LUNCH_MING_22,잡았어?,,NAME_PLAYER,Player_D1_MING_01,,,3
DAY1_LUNCH_MING,22,NAME_PLAYER,DAY1_LUNCH_MING_23,짠!,,NAME_PLAYER,Player_D1_MING_02,,,1
DAY1_LUNCH_MING,23,NAME_MING,DAY1_LUNCH_MING_24,오~,,NAME_PLAYER,Player_D1_MING_03,,,3
DAY1_LUNCH_MING,24,NAME_MING,DAY1_LUNCH_MING_25,이제 눈 못 비비겠다,,,,,,
DAY1_LUNCH_MING,25,NAME_PLAYER,DAY1_LUNCH_MING_26,아.,,,,,,
,,,,,,,,,,
DAY1_LUNCH_PURPLE,1,NAME_PLAYER,DAY1_LUNCH_PURPLE_01,머해?,,,,,,
DAY1_LUNCH_PURPLE,2,NAME_NUREONG,DAY1_LUNCH_PURPLE_02,그게.. 좋아하는 가수가 신곡을 냈거든?,,,,,,
DAY1_LUNCH_PURPLE,3,NAME_NUREONG,DAY1_LUNCH_PURPLE_03,근데 그게 너무 좋아...,,NAME_NUREONG,NUREONG_Happy,,,
DAY1_LUNCH_PURPLE,4,NAME_NUREONG,DAY1_LUNCH_PURPLE_04,에헤헤...,,NAME_NUREONG,NUREONG_Happy,,,
DAY1_LUNCH_PURPLE,5,NAME_PURPLE,DAY1_LUNCH_PURPLE_05,로봇이는 좋아하는 가수? 있어?,,NAME_NUREONG,NUREONG_Happy,,,
DAY1_LUNCH_PURPLE,6,NAME_PLAYER,DAY1_LUNCH_PURPLE_06,좋아하는 밴드가 있는데,,NAME_NUREONG,NUREONG_Happy,,,
DAY1_LUNCH_PURPLE,7,NAME_PLAYER,DAY1_LUNCH_PURPLE_07,앨범 2개 내고 10년 전에 망했어..,,NAME_NUREONG|NAME_PLAYER,NUREONG_Happy|CharAmin_Boring,,,
DAY1_LUNCH_PURPLE,8,NAME_NUREONG,DAY1_LUNCH_PURPLE_08,헐..,,NAME_NUREONG|NAME_PLAYER,NUREONG_Shocked|CharAmin_Boring,,,
DAY1_LUNCH_PURPLE,9,NAME_NUREONG,DAY1_LUNCH_PURPLE_09,그건 좀 슬픈데...,,NAME_NUREONG|NAME_PLAYER,NUREONG_Shocked|CharAmin_Boring,,,
DAY1_LUNCH_PURPLE,10,NAME_PURPLE,DAY1_LUNCH_PURPLE_10,에이,,NAME_PLAYER,CharAmin_Boring,,,
DAY1_LUNCH_PURPLE,11,NAME_PURPLE,DAY1_LUNCH_PURPLE_11,아직 맴버 중에 죽은 사람 없잖아,,,,,,
DAY1_LUNCH_PURPLE,12,NAME_PURPLE,DAY1_LUNCH_PURPLE_12,범죄자도 없고,,,,,,
DAY1_LUNCH_PURPLE,13,NAME_PLAYER,DAY1_LUNCH_PURPLE_13,아직 거기까지 가진 않았지,,,,,,
DAY1_LUNCH_PURPLE,14,NAME_PURPLE,DAY1_LUNCH_PURPLE_14,그럼 희망 있어,,NAME_PURPLE,PURPLE_Smile,,,
DAY1_LUNCH_PURPLE,15,NAME_PURPLE,DAY1_LUNCH_PURPLE_15,갑자기 기적이 일어나서 재결합할 수도 있지,,NAME_PURPLE,PURPLE_Smile,,,
DAY1_LUNCH_PURPLE,16,NAME_PLAYER,DAY1_LUNCH_PURPLE_16,오,,NAME_PLAYER,CharAmin_Smile,,,
DAY1_LUNCH_PURPLE,17,NAME_PLAYER,DAY1_LUNCH_PURPLE_17,진짜네...?,,NAME_PLAYER,CharAmin_Smile,,,
DAY1_LUNCH_PURPLE,18,NAME_PLAYER,DAY1_LUNCH_PURPLE_18,"와, 그 말 되게 좋다",,NAME_PLAYER,CharAmin_Smile,,,
DAY1_LUNCH_PURPLE,19,NAME_PURPLE,DAY1_LUNCH_PURPLE_19,히히 그렇게 말해주신다면야 //><//,,NAME_PURPLE|NAME_PLAYER,PUEPLE_Exited|CharAmin_Smile,,,
,,,,,,,,,,
DAY1_LUNCH_PIGGY,1,NAME_PIGGY,DAY1_LUNCH_PIGGY_01,야야 셩 어제 경기 봤냐,,,,,,
DAY1_LUNCH_PIGGY,2,NAME_PIGGY,DAY1_LUNCH_PIGGY_02,솔직히 이번 우승은 맨시티다 아님?ㅋㅋ,,,,,,
DAY1_LUNCH_PIGGY,3,NAME_SYONG,DAY1_LUNCH_PIGGY_03,아ㅋㅋ 뭔 지랄이야,,,,,,
DAY1_LUNCH_PIGGY,4,NAME_SYONG,DAY1_LUNCH_PIGGY_04,리버풀이지,,,,,,
DAY1_LUNCH_PIGGY,5,NAME_PIGGY,DAY1_LUNCH_PIGGY_05,근데 어제 아스널한테 개털렸잖아ㅋ,,NAME_PIGGY,PIGGY_Boring,,,
DAY1_LUNCH_PIGGY,6,NAME_SYONG,DAY1_LUNCH_PIGGY_06,한 경기 갖고 개호들갑 존나 떠네,,,,,,
DAY1_LUNCH_PIGGY,7,NAME_SYONG,DAY1_LUNCH_PIGGY_07,넌 진짜 시즌 끝나고 보,,,,,,
DAY1_LUNCH_PIGGY,8,NAME_PIGGY,DAY1_LUNCH_PIGGY_08,그래봤자 맨시티가 쳐바름ㅅㄱ,,,,,,
DAY1_LUNCH_PIGGY,9,NAME_SYONG,DAY1_LUNCH_PIGGY_09,응 아니죠? 돈을 그렇게 부으면 리버풀은 넘사되죠?,,,,,,
DAY1_LUNCH_PIGGY,10,NAME_PIGGY,DAY1_LUNCH_PIGGY_10,ㅋㅋㅋㅋㅋ지랄ㅋㅋ,,NAME_PIGGY,PIGGY_Boring,,,
DAY1_LUNCH_PIGGY,11,NAME_PIGGY,DAY1_LUNCH_PIGGY_11,"아, 홀란드형 진짜 뽀뽀 마렵다",,NAME_PIGGY,PIGGY_Boring,,,
DAY1_LUNCH_PIGGY,12,NAME_SYONG,DAY1_LUNCH_PIGGY_12,홀란드형은 인정한다,,NAME_PIGGY,PIGGY_Boring,,,
DAY1_LUNCH_PIGGY,13,NAME_SYONG,DAY1_LUNCH_PIGGY_13,존나 귀여움,,NAME_PIGGY,PIGGY_Boring,,,
DAY1_LUNCH_PIGGY,14,NAME_PIGGY,DAY1_LUNCH_PIGGY_14,너 언제부터 거기 있었냐,,,,,,
DAY1_LUNCH_PIGGY,15,NAME_SYONG,DAY1_LUNCH_PIGGY_15,축구도 모르는 어린 애는 빠져,,,,,,
DAY1_LUNCH_PIGGY,16,NAME_PLAYER,DAY1_LUNCH_PIGGY_16,뭐라는 거야;;,,NAME_PLAYER,CharAmin_Neutral,,,
,,,,,,,,,,
,,,,,,,,,,
,,,,,,,,,,
,,,,,,,,,,
,,,,,,,,,,
DAY1_CHAT_L,1,NAME_SYONG,DAY1_CHAT_L_01,나는 소드를 사랑한다고,,,,,,
DAY1_CHAT_L,2,NAME_SYONG,DAY1_CHAT_L_02,사랑한다,,,,,,
DAY1_CHAT_L,3,NAME_SYONG,DAY1_CHAT_L_03,너의 얼굴,,,,,,
DAY1_CHAT_L,4,NAME_SYONG,DAY1_CHAT_L_04,쪽,,,,,,
DAY1_CHAT_L,5,NAME_SYONG,DAY1_CHAT_L_05,너를 처음본순간분터,,,,,,
DAY1_CHAT_L,6,NAME_SYONG,DAY1_CHAT_L_06,너는 내꺼옇어,,,,,,
DAY1_CHAT_L,7,NAME_SYONG,DAY1_CHAT_L_07,사랑한다,,,,,,
DAY1_CHAT_L,8,NAME_SYONG,DAY1_CHAT_L_08,결혼식은 어디서,,,,,,
DAY1_CHAT_L,9,NAME_HWAN,DAY1_CHAT_L_09,...?,,,,,,
DAY1_CHAT_L,10,NAME_ADULT,DAY1_CHAT_L_10,결혼하면 사회 봐줌,,,,,,
DAY1_CHAT_L,11,NAME_PIGGY,DAY1_CHAT_L_11,으애ㅓㅓㅓㅓㅕ,,,,,,
DAY1_CHAT_L,12,NAME_PIGGY,DAY1_CHAT_L_12,난 맞짱이 까고 싶다,,,,,,
DAY1_CHAT_L,13,NAME_PIGGY,DAY1_CHAT_L_13,아무나 옥상으로 와라,,,,,,
DAY1_CHAT_L,14,NAME_PIGGY,DAY1_CHAT_L_14,엣큥!,,,,,,
DAY1_CHAT_L,15,NAME_ADULT,DAY1_CHAT_L_15,왜저래;;,,,,,,
,,,,,,,,,,
,,,,,,,,,,
,,,,,,,,,,
,,,,,,,,,,
,,,,,,,,,,
D1_Class2,,,,,,,,,,
,,,,,,,,,,
D1_CLASS2_START,1,NAME_DIGITALART,D1_CLASS2_START_01,,,,,,,
D1_CLASS2_START,2,NAME_MINUM,D1_CLASS2_START_02,,,,,,,
D1_CLASS2_START,3,NAME_MINUM,D1_CLASS2_START_03,,,,,,,
D1_CLASS2_START,4,NAME_DIGITALART,D1_CLASS2_START_04,,,,,,,
D1_CLASS2_START,5,NAME_DIGITALART,D1_CLASS2_START_05,,,,,,,
D1_CLASS2_START,6,NAME_MINUM,D1_CLASS2_START_06,,,,,,,
D1_CLASS2_START,7,NAME_DIGITALART,D1_CLASS2_START_07,,,,,,,
D1_CLASS2_START,8,NAME_DIGITALART,D1_CLASS2_START_08,,,,,,,
,,,,,,,,,,
D1_CLASS2_END,1,NAME_DIGITALART,D1_CLASS2_END_01,,,,,,,
D1_CLASS2_END,2,NAME_DIGITALART,D1_CLASS2_END_02,,,,,,,
D1_CLASS2_END,3,NAME_DIGITALART,D1_CLASS2_END_03,,,,,,,
,,,,,,,,,,
D1_ClassEND,,,,,,,,,,
,,,,,,,,,,
DAY1_CLASSEND,1,NAME_HOMEROOM,DAY1_CLASSEND_01,,,,,,,
DAY1_CLASSEND,2,NAME_HOMEROOM,DAY1_CLASSEND_02,,,,,,,
DAY1_CLASSEND,3,NAME_HOMEROOM,DAY1_CLASSEND_03,,,,,,,
DAY1_CLASSEND,4,NAME_HOMEROOM,DAY1_CLASSEND_04,,,,,,,
DAY1_CLASSEND,5,NAME_HOMEROOM,DAY1_CLASSEND_05,,,,,,,
DAY1_CLASSEND,6,NAME_HOMEROOM,DAY1_CLASSEND_06,,,,,,,
DAY1_CLASSEND,7,NAME_HOMEROOM,DAY1_CLASSEND_07,,,,,,,
,,,,,,,,,,
,,,,,,,,,,
,,,,,,,,,,
,,,,,,,,,,
,,,,,,,,,,
,,,,,,,,,,
,,,,,,,,,,
,,,,,,,,,,
D1_AfterSchool_A,,NAME_GONYONG,D1_AfterSchool_A_01,즐거운~ 영어 시간~,,,,,,
D1_AfterSchool_A,,NAME_AFTERSCHOOL_TEACHER,D1_AfterSchool_A_02,"Sure, it’s 4:30 now. ",,,,,,
D1_AfterSchool_A,,NAME_AFTERSCHOOL_TEACHER,D1_AfterSchool_A_03,Shall we get started?,,,,,,
D1_AfterSchool_A,,NAME_PLAYER,D1_AfterSchool_A_04,네~,,,,,,
D1_AfterSchool_A,,NAME_AFTERSCHOOL_TEACHER,D1_AfterSchool_A_05,"Okay, I’ll hand out the worksheets.",,,,,,
,,,,,,,,,,
D1_AfterSchool_B,,NAME_AFTERSCHOOL_TEACHER,D1_AfterSchool_B_01,That’s all for today. ,,,,,,
D1_AfterSchool_B,,NAME_AFTERSCHOOL_TEACHER,D1_AfterSchool_B_02,Have a good evening,,,,,,
D1_AfterSchool_B,,NAME_DABONG,D1_AfterSchool_B_03,해브 어 나이스 데이 티쳐!,,,,,,
D1_AfterSchool_B,,NAME_GONYONG,D1_AfterSchool_B_04,아이 러부 유!,,,,,,
D1_AfterSchool_B,,NAME_ENGLISH,D1_AfterSchool_B_05,얘들아,,,,,,
D1_AfterSchool_B,,NAME_ENGLISH,D1_AfterSchool_B_06,썜이 치킨버거 배달시켰거든?,,,,,,
D1_AfterSchool_B,,NAME_ENGLISH,D1_AfterSchool_B_07,하나 씩 가져가라 ,,,,,,
D1_AfterSchool_B,,NAME_DABONG,D1_AfterSchool_B_08,헉!!! 감사합니다!,,,,,,
D1_AfterSchool_B,,NAME_GONYONG,D1_AfterSchool_B_09,네~,,,,,,
D1_AfterSchool_B,,NAME_PLAYER,D1_AfterSchool_B_10,야호,,,,,,
,,,,,,,,,,
D1_AfterSchool_C,,NAME_GONYONG,D1_AfterSchool_C_01,나이스~,,,,,,
D1_AfterSchool_C,,NAME_GONYONG,D1_AfterSchool_C_02,치낀뻐꺼~,,,,,,
D1_AfterSchool_C,,NAME_PLAYER,D1_AfterSchool_C_03,아 나 근데,,,,,,
D1_AfterSchool_C,,NAME_PLAYER,D1_AfterSchool_C_04,오늘 아침에 엉덩이로 토하고 왔는데,,,,,,
D1_AfterSchool_C,,NAME_PLAYER,D1_AfterSchool_C_05,버거 먹어도 괜찮을까,,,,,,
D1_AfterSchool_C,,NAME_GONYONG,D1_AfterSchool_C_06,"뭐, 설사했다고?",,,,,,
D1_AfterSchool_C,,NAME_PLAYER,D1_AfterSchool_C_07,웅,,,,,,
D1_AfterSchool_C,,NAME_GONYONG,D1_AfterSchool_C_08,그냥 먹어!,,,,,,
D1_AfterSchool_C,,NAME_PLAYER,D1_AfterSchool_C_09,웅!,,,,,,
D1_AfterSchool_C,,NAME_GONYONG,D1_AfterSchool_C_10,"아니, 설사가 엉덩이로 토하는 거면",,,,,,
D1_AfterSchool_C,,NAME_GONYONG,D1_AfterSchool_C_11,토는 입으로 똥싸는 거임?,,,,,,
D1_AfterSchool_C,,NAME_PLAYER,D1_AfterSchool_C_12,"헐, 너 천재다.",,,,,,
D1_AfterSchool_C,,NAME_GONYONG,D1_AfterSchool_C_13,서울대 부재중 전화 +999,,,,,,
D1_AfterSchool_C,,NAME_PLAYER,D1_AfterSchool_C_14,근데 토는 vomit이잖아. 설사는 영어로 뭘까?,,,,,,
D1_AfterSchool_C,,NAME_PLAYER,D1_AfterSchool_C_15,Water poop?,,,,,,
D1_AfterSchool_C,,NAME_GONYONG,D1_AfterSchool_C_16,님 천재임?,,,,,,
D1_AfterSchool_C,,NAME_PLAYER,D1_AfterSchool_C_17,하버드 부재중 전화 +999,,,,,,
D1_AfterSchool_C,,NAME_DABONG,D1_AfterSchool_C_18,얘들아 너희 곧 성인이야..,,,,,,
D1_AfterSchool_C,,NAME_PLAYER,D1_AfterSchool_C_19,그건 내 알바가 아니다 이거야~,,,,,,
D1_AfterSchool_C,,NAME_GONYONG,D1_AfterSchool_C_20,빨리빨리빠리라ㅣ리 먹자!!,,,,,,
D1_AfterSchool_C,,NAME_GONYONG,D1_AfterSchool_C_21,나 배고파!!,,,,,,
D1_AfterSchool_C,,NAME_DABONG,D1_AfterSchool_C_22,여기는 취식 금지라 미술실 가야 할 듯?,,,,,,
D1_AfterSchool_C,,NAME_DABONG,D1_AfterSchool_C_23,나는 자습실 내려가서 이력서 쓰려고..,,,,,,
D1_AfterSchool_C,,NAME_PLAYER,D1_AfterSchool_C_24,아,,,,,,
D1_AfterSchool_C,,NAME_GONYONG,D1_AfterSchool_C_25,그래,,,,,,
D1_AfterSchool_C,,NAME_GONYONG,D1_AfterSchool_C_26,그럼 내일 보자~,,,,,,
D1_AfterSchool_C,,NAME_PLAYER,D1_AfterSchool_C_27,빠이,,,,,,
,,,,,,,,,,
D1_AfterSchool_D,,NAME_PLAYER,D1_AfterSchool_D_01,히히히히,,,,,,
D1_AfterSchool_D,,NAME_GONYONG,D1_AfterSchool_D_02,기깔나게 먹어주지!,,,,,,
D1_AfterSchool_D,,NAME_SOWRD,D1_AfterSchool_D_03,여기 있을 거 같더라,,,,,,
D1_AfterSchool_D,,NAME_PLAYER,D1_AfterSchool_D_04,"오, ㅎㅇ",,,,,,
D1_AfterSchool_D,,NAME_SOWRD,D1_AfterSchool_D_05,문이 왜 이렇게 뻑뻑하냐,,,,,,
D1_AfterSchool_D,,NAME_GONYONG,D1_AfterSchool_D_06,거기 좀 그래,,,,,,
D1_AfterSchool_D,,NAME_PLAYER,D1_AfterSchool_D_07,우리 햄버거 받았다 부럽제~,,,,,,
D1_AfterSchool_D,,NAME_SOWRD,D1_AfterSchool_D_08,ㅠㅠ우리는 짜장면 먹었는데,,,,,,
D1_AfterSchool_D,,NAME_PLAYER,D1_AfterSchool_D_09,그것도 좀 부러운데,,,,,,
D1_AfterSchool_D,,NAME_GONYONG,D1_AfterSchool_D_10,"어우, 피곤해",,,,,,
D1_AfterSchool_D,,NAME_GONYONG,D1_AfterSchool_D_11,집 가고 싶다. 근데 집 가는 것도 피곤해,,,,,,
D1_AfterSchool_D,,NAME_SOWRD,D1_AfterSchool_D_12,얼마나 걸리길래,,,,,,
D1_AfterSchool_D,,NAME_GONYONG,D1_AfterSchool_D_13,1시간 정도,,,,,,
D1_AfterSchool_D,,NAME_SOWRD,D1_AfterSchool_D_14,영등포가 그렇게 먼가,,,,,,
D1_AfterSchool_D,,NAME_GONYONG,D1_AfterSchool_D_15,역하고 집까지 거리가 좀 있어서,,,,,,
D1_AfterSchool_D,,NAME_SOWRD,D1_AfterSchool_D_16,아,,,,,,
D1_AfterSchool_D,,NAME_SOWRD,D1_AfterSchool_D_17,로봇 너는 어디 산다 했었지,,,,,,
D1_AfterSchool_D,,NAME_PLAYER,D1_AfterSchool_D_18,나 중랑구,,,,,,
D1_AfterSchool_D,,NAME_SOWRD,D1_AfterSchool_D_19,"아니, 중랑구 인 건 아는데",,,,,,
D1_AfterSchool_D,,NAME_SOWRD,D1_AfterSchool_D_20,중랑구 어디,,,,,,
D1_AfterSchool_D,,NAME_SOWRD,D1_AfterSchool_D_21,중랑구가 얼마나 큰데,,,,,,
D1_AfterSchool_D,,NAME_SOWRD,D1_AfterSchool_D_22,중랑구가 다 니 집이야?,,,,,,
D1_AfterSchool_D,,NAME_PLAYER,D1_AfterSchool_D_23,응,,,,,,
D1_AfterSchool_D,,NAME_SOWRD,D1_AfterSchool_D_24,그게 무슨 소리니 로봇로봇아...,,,,,,
D1_AfterSchool_D,,NAME_GONYONG,D1_AfterSchool_D_25,중랑구가 다 쟤 나와바리잖아,,,,,,
D1_AfterSchool_D,,NAME_SOWRD,D1_AfterSchool_D_26,아니 중랑구 어디사냐고오오오!!!,,,,,,
D1_AfterSchool_D,,NAME_PLAYER,D1_AfterSchool_D_27,중랑구ㅋ,,,,,,
D1_AfterSchool_D,,NAME_SOWRD,D1_AfterSchool_D_28,아오 저걸 그냥ㅠㅠㅠ,,,,,,
D1_AfterSchool_D,,NAME_SOWRD,D1_AfterSchool_D_29,....?,,,,,,
D1_AfterSchool_D,,NAME_GONYONG,D1_AfterSchool_D_30,"미친, 화이트데이다",,,,,,
D1_AfterSchool_D,,NAME_PLAYER,D1_AfterSchool_D_31,없는 척 해 죽은 척 ㄱㄱ,,,,,,
D1_AfterSchool_D,,NAME_PLAYER,D1_AfterSchool_D_32,가셨나?,,,,,,
D1_AfterSchool_D,,NAME_GONYONG,D1_AfterSchool_D_33,?,,,,,,
D1_AfterSchool_D,,NAME_PLAYER,D1_AfterSchool_D_34,뭐고,,,,,,
D1_AfterSchool_D,,NAME_PLAYER,D1_AfterSchool_D_35,내가 가볼게,,,,,,
D1_AfterSchool_D,,NAME_PLAYER,D1_AfterSchool_D_36,아무도 없는데?,,,,,,
D1_AfterSchool_D,,NAME_SOWRD,D1_AfterSchool_D_37,화이트데이도?,,,,,,
D1_AfterSchool_D,,NAME_PLAYER,D1_AfterSchool_D_38,"어, 진짜 아무도 없는데",,,,,,
D1_AfterSchool_D,,NAME_GONYONG,D1_AfterSchool_D_39,그럼 누가 닫은 거임?,,,,,,
D1_AfterSchool_D,,NAME_SOWRD,D1_AfterSchool_D_40,바람이겠지...,,,,,,
D1_AfterSchool_D,,NAME_PLAYER,D1_AfterSchool_D_41,창문 닫혀있는데,,,,,,
D1_AfterSchool_D,,NAME_PLAYER,D1_AfterSchool_D_42,그리고 문 엄청 뻑뻑한 거 알잖아,,,,,,
D1_AfterSchool_D,,NAME_SOWRD,D1_AfterSchool_D_43,..무섭게 하지마ㅠㅠ,,,,,,
D1_AfterSchool_D,,NAME_GONYONG,D1_AfterSchool_D_44,너 지금 나랑 같은 생각이지,,,,,,
D1_AfterSchool_D,,NAME_PLAYER,D1_AfterSchool_D_45,귀신인가바!!,,,,,,
D1_AfterSchool_D,,NAME_GONYONG,D1_AfterSchool_D_46,야호!,,,,,,
D1_AfterSchool_D,,NAME_SOWRD,D1_AfterSchool_D_47,아닐거야ㅠㅠㅠ,,,,,,
D1_AfterSchool_D,,NAME_PLAYER,D1_AfterSchool_D_48,완전 대박,,,,,,
D1_AfterSchool_D,,NAME_SOWRD,D1_AfterSchool_D_49,얘들아... 그냥 빨리 집 가자,,,,,,
D1_AfterSchool_D,,NAME_PLAYER,D1_AfterSchool_D_50,쫄?,,,,,,
D1_AfterSchool_D,,NAME_SOWRD,D1_AfterSchool_D_51,어,,,,,,
D1_AfterSchool_D,,NAME_SOWRD,D1_AfterSchool_D_52,쫄,,,,,,
D1_AfterSchool_D,,NAME_SOWRD,D1_AfterSchool_D_53,존나 쫄!,,,,,,
D1_AfterSchool_D,,NAME_PLAYER,D1_AfterSchool_D_54,ㅇㅋ,,,,,,
D1_AfterSchool_D,,NAME_PLAYER,D1_AfterSchool_D_55,빨리 먹을게,,,,,,
,,,,,,,,,,
D1_AfterSchool_E,1,NAME_PLAYER,D1_AfterSchool_E_01,(꺼억),,,,,,
D1_AfterSchool_E,2,NAME_GONYONG,D1_AfterSchool_E_02,우렁찬데~,,,,,,
D1_AfterSchool_E,3,NAME_PLAYER,D1_AfterSchool_E_03,너무 급하게 먹었나봐 ,,,,,,
D1_AfterSchool_E,4,NAME_PLAYER,D1_AfterSchool_E_04,그래도 맛있었어,,,,,,
D1_AfterSchool_E,5,NAME_GONYONG,D1_AfterSchool_E_05,방학 언제더라,,,,,,
D1_AfterSchool_E,6,NAME_PLAYER,D1_AfterSchool_E_06,"한, 3일 남았을 걸",,,,,,
D1_AfterSchool_E,7,NAME_SOWRD,D1_AfterSchool_E_07,나 다음 학기에 회사가서,,,,,,
D1_AfterSchool_E,8,NAME_SOWRD,D1_AfterSchool_E_08,너희 못 보는데,,,,,,
D1_AfterSchool_E,9,NAME_GONYONG,D1_AfterSchool_E_09,너 없으면 누구 괴롭히냐,,,,,,
D1_AfterSchool_E,10,NAME_PLAYER,D1_AfterSchool_E_10,너.무.슬.프.다.진.짜.ㅠ,,,,,,
D1_AfterSchool_E,11,NAME_GONYONG,D1_AfterSchool_E_11,돈 얼마 벌어?,,,,,,
D1_AfterSchool_E,12,NAME_SOWRD,D1_AfterSchool_E_12,실습생이라 달에 150 정도?,,,,,,
D1_AfterSchool_E,13,NAME_GONYONG,D1_AfterSchool_E_13,소드님 가난한 저희에게 자비를 배풀어주세요,,,,,,
D1_AfterSchool_E,14,NAME_PLAYER,D1_AfterSchool_E_14,소고기 사줘,,,,,,
D1_AfterSchool_E,15,NAME_SOWRD,D1_AfterSchool_E_15,토끼가 무슨 소고기야 풀이나 뜯어,,,,,,
D1_AfterSchool_E,16,NAME_PLAYER,D1_AfterSchool_E_16,힝,,,,,,
D1_AfterSchool_E,17,NAME_SOWRD,D1_AfterSchool_E_17,...,,,,,,
D1_AfterSchool_E,18,NAME_SOWRD,D1_AfterSchool_E_18,...회사 가서 잘 할 수 있을까,,,,,,
D1_AfterSchool_E,19,NAME_SOWRD,D1_AfterSchool_E_19,일 못해서 혼나면 어떡하지ㅠㅠ,,,,,,
D1_AfterSchool_E,20,NAME_PLAYER,D1_AfterSchool_E_20,이 말이 위로가 될 지는 모르겠는데,,,,,,
D1_AfterSchool_E,21,NAME_PLAYER,D1_AfterSchool_E_21,인간은 다 정신병자들이고,,,,,,
D1_AfterSchool_E,22,NAME_PLAYER,D1_AfterSchool_E_22,지구는 거대한 정신병동이야,,,,,,
D1_AfterSchool_E,23,NAME_GONYONG,D1_AfterSchool_E_23,맞는 말이지,,,,,,
D1_AfterSchool_E,24,NAME_SOWRD,D1_AfterSchool_E_24,말이 뭔가 이상한데,,,,,,
D1_AfterSchool_E,25,NAME_PLAYER,D1_AfterSchool_E_25,어차피 다들 인간이니까 부담갖지 말라고,,,,,,
D1_AfterSchool_E,26,NAME_GONYONG,D1_AfterSchool_E_26,그니까 걍,,,,,,
D1_AfterSchool_E,27,NAME_GONYONG,D1_AfterSchool_E_27,누구한테 혼났다고,,,,,,
D1_AfterSchool_E,28,NAME_GONYONG,D1_AfterSchool_E_28,괜히 주눅들지 말고,,,,,,
D1_AfterSchool_E,29,NAME_GONYONG,D1_AfterSchool_E_29,실수하면 다음부터 잘하면 되지 생각해,,,,,,
D1_AfterSchool_E,30,NAME_SOWRD,D1_AfterSchool_E_30,그래도 무서운 걸 어쩌라고오오오,,,,,,
D1_AfterSchool_E,31,NAME_SOWRD,D1_AfterSchool_E_31,*바알ㅠㅠㅠ,,,,,,
D1_AfterSchool_E,32,NAME_PLAYER,D1_AfterSchool_E_32,그럼 무서운 체로 살던가!,,,,,,
D1_AfterSchool_E,33,NAME_PLAYER,D1_AfterSchool_E_33,그리고 욕하지마!,,,,,,
D1_AfterSchool_E,34,NAME_PLAYER,D1_AfterSchool_E_34,확 씨!,,,,,,
D1_AfterSchool_E,35,NAME_GONYONG,D1_AfterSchool_E_35,ㅋㅋㅋㅋㅋㅋㅋㅋㅋ,,,,,,
,,,,,,,,,,
,,,,,,,,,,
,,,,,,,,,,
,,,,,,,,,,
,,,,,,,,,,
,,,,,,,,,,
,,,,,,,,,,
,,,,,,,,,,
,,,,,,,,,,
,,,,,,,,,,
,,,,,,,,,,
,,,,,,,,,,
,,,,,,,,,,
,,,,,,,,,,
,,,,,,,,,,
,,,,,,,,,,
,,,,,,,,,,
,,,,,,,,,,
,,,,,,,,,,
,,,,,,,,,,
,,,,,,,,,,
,,,,,,,,,,
,,,,,,,,,,
,,,,,,,,,,
,,,,,,,,,,
,,,,,,,,,,
,,,,,,,,,,
,,,,,,,,,,
,,,,,,,,,,
,,,,,,,,,,
,,,,,,,,,,
,,,,,,,,,,
,,,,,,,,,,
,,,,,,,,,,
,,,,,,,,,,
,,,,,,,,,,
,,,,,,,,,,
,,,,,,,,,,
,,,,,,,,,,
,,,,,,,,,,
,,,,,,,,,,
,,,,,,,,,,
,,,,,,,,,,
,,,,,,,,,,
,,,,,,,,,,
,,,,,,,,,,
,,,,,,,,,,
,,,,,,,,,,
,,,,,,,,,,
,,,,,,,,,,
,,,,,,,,,,
,,,,,,,,,,
,,,,,,,,,,
,,,,,,,,,,
,,,,,,,,,,
,,,,,,,,,,
,,,,,,,,,,
,,,,,,,,,,
,,,,,,,,,,
,,,,,,,,,,
,,,,,,,,,,
,,,,,,,,,,
,,,,,,,,,,
,,,,,,,,,,
,,,,,,,,,,
,,,,,,,,,,
,,,,,,,,,,
,,,,,,,,,,
,,,,,,,,,,
,,,,,,,,,,
,,,,,,,,,,
,,,,,,,,,,
,,,,,,,,,,
,,,,,,,,,,
D1_Night,,,,,,,,,,
,,,,,,,,,,
DAY1_CHAT_N,0,NAME_PLAYER,DAY1_CHAT_N_01,,,,,,,
DAY1_CHAT_N,1,NAME_PLAYER,DAY1_CHAT_N_02,,,,,,,
DAY1_CHAT_N,2,NAME_GONYONG,DAY1_CHAT_N_03,,,,,,,
DAY1_CHAT_N,3,NAME_ADULT,DAY1_CHAT_N_04,,,,,,,
DAY1_CHAT_N,4,NAME_PLAYER,DAY1_CHAT_N_05,,,,,,,
DAY1_CHAT_N,5,NAME_PLAYER,DAY1_CHAT_N_08,,,,,,,
DAY1_CHAT_N,6,NAME_PLAYER,DAY1_CHAT_N_09,,,,,,,
DAY1_CHAT_N,7,NAME_ADULT,DAY1_CHAT_N_10,,,,,,,
DAY1_CHAT_N,8,NAME_PURPLE,DAY1_CHAT_N_11,,,,,,,
DAY1_CHAT_N,9,NAME_PLAYER,DAY1_CHAT_N_12,,,,,,,
DAY1_CHAT_N,10,NAME_PURPLE,DAY1_CHAT_N_13,,,,,,,
DAY1_CHAT_N,11,NAME_GONYONG,DAY1_CHAT_N_14,,,,,,,
DAY1_CHAT_N,12,NAME_PIGGY,DAY1_CHAT_N_15,,,,,,,
DAY1_CHAT_N,13,NAME_GONYONG,DAY1_CHAT_N_16,,,,,,,
DAY1_CHAT_N,14,NAME_PIGGY,DAY1_CHAT_N_17,,,,,,,
DAY1_CHAT_N,15,NAME_GONYONG,DAY1_CHAT_N_18,,,,,,,
DAY1_CHAT_N,16,NAME_PLAYER,DAY1_CHAT_N_19,,,,,,,
,,,,,,,,,,
,,,,,,,,,,
DAY2_CHAT_M,0,NAME_GONYONG,DAY2_CHAT_M_01,,,,,,,
DAY2_CHAT_M,1,NAME_MINUM,DAY2_CHAT_M_02,,,,,,,
DAY2_CHAT_M,2,NAME_MINUM,DAY2_CHAT_M_03,,,,,,,
DAY2_CHAT_M,3,NAME_MINUM,DAY2_CHAT_M_04,,,,,,,
DAY2_CHAT_M,4,NAME_MINUM,DAY2_CHAT_M_05,,,,,,,
DAY2_CHAT_M,5,NAME_SOWRD,DAY2_CHAT_M_06,,,,,,,
DAY2_CHAT_M,6,NAME_GONYONG,DAY2_CHAT_M_07,,,,,,,
DAY2_CHAT_M,7,NAME_GONYONG,DAY2_CHAT_M_08,,,,,,,
DAY2_CHAT_M,8,NAME_MINUM,DAY2_CHAT_M_09,,,,,,,
DAY2_CHAT_M,9,NAME_MINUM,DAY2_CHAT_M_10,,,,,,,
DAY2_CHAT_M,10,NAME_MINUM,DAY2_CHAT_M_11,,,,,,,
DAY2_CHAT_M,11,NAME_MINUM,DAY2_CHAT_M_12,,,,,,,
DAY2_CHAT_M,12,NAME_MINUM,DAY2_CHAT_M_13,,,,,,,
DAY2_CHAT_M,13,NAME_NUREONG,DAY2_CHAT_M_14,,,,,,,
DAY2_CHAT_M,14,NAME_PURPLE,DAY2_CHAT_M_15,,,,,,,
,,,,,,,,,,
,,,,,,,,,,
,,,,,,,,,,
,,,,,,,,,,
,,,,,,,,,,
,,,,,,,,,,
DAY2_CHAT_N,0,NAME_SOWRD,DAY2_CHAT_N_01,,,,,,,
DAY2_CHAT_N,1,NAME_SOWRD,DAY2_CHAT_N_02,,,,,,,
DAY2_CHAT_N,2,NAME_SOWRD,DAY2_CHAT_N_03,,,,,,,
DAY2_CHAT_N,3,NAME_SOWRD,DAY2_CHAT_N_04,,,,,,,
DAY2_CHAT_N,4,NAME_SOWRD,DAY2_CHAT_N_05,,,,,,,
DAY2_CHAT_N,5,NAME_SOWRD,DAY2_CHAT_N_06,,,,,,,
DAY2_CHAT_N,6,NAME_SOWRD,DAY2_CHAT_N_07,,,,,,,
DAY2_CHAT_N,7,NAME_SYONG,DAY2_CHAT_N_08,,,,,,,
DAY2_CHAT_N,8,NAME_SOWRD,DAY2_CHAT_N_09,,,,,,,
DAY2_CHAT_N,9,NAME_PLAYER,DAY2_CHAT_N_10,,,,,,,
DAY2_CHAT_N,10,NAME_PIGGY,DAY2_CHAT_N_11,,,,,,,
DAY2_CHAT_N,11,NAME_SOWRD,DAY2_CHAT_N_12,,,,,,,
DAY2_CHAT_N,12,NAME_GONYONG,DAY2_CHAT_N_13,,,,,,,
DAY2_CHAT_N,13,NAME_ADULT,DAY2_CHAT_N_14,,,,,,,
DAY2_CHAT_N,14,NAME_PIGGY,DAY2_CHAT_N_15,,,,,,,
DAY2_CHAT_N,15,NAME_YSS,DAY2_CHAT_N_16,,,,,,,
DAY2_CHAT_N,16,NAME_YSS,DAY2_CHAT_N_17,,,,,,,
DAY2_CHAT_N,17,NAME_YSS,DAY2_CHAT_N_18,,,,,,,
DAY2_CHAT_N,18,NAME_ADULT,DAY2_CHAT_N_19,,,,,,,
,,,,,,,,,,
,,,,,,,,,,
,,,,,,,,,,
,,NAME_PLAYER,,,,,,,,
,,NAME_PLAYER,,,,,,,,
,,NAME_GONYONG,,,,,,,,
,,NAME_PLAYER,,,,,,,,
,,NAME_PLAYER,,,,,,,,
,,NAME_PIGGY,,,,,,,,
,,NAME_PIGGY,,,,,,,,
,,NAME_PIGGY,,,,,,,,
,,NAME_GONYONG,,,,,,,,
,,NAME_GONYONG,,,,,,,,
,,NAME_PIGGY,,,,,,,,
,,NAME_GONYONG,,,,,,,,
,,NAME_PIGGY,,,,,,,,
,,NAME_GONYONG,,,,,,,,
,,NAME_HWAN,,,,,,,,
,,,,,,,,,,
,,,,,,,,,,
,,,,,,,,,,
,,,,,,,,,,
,,,,,,,,,,
VIDEO,1,NAME_PLAYER,VIDEO_01,...,,,,,,
VIDEO,2,NAME_ADULT,VIDEO_02,존나 덥네,,,,,,
VIDEO,3,NAME_GONYONG,VIDEO_03,아~ 빨리 졸업하고 싶다~,,,,,,
VIDEO,4,NAME_GONYONG,VIDEO_04,1년 뒤에는 우리도 술 마시고 있겠지?,,,,,,
VIDEO,5,NAME_PLAYER,VIDEO_05,난 옆에서 오렌지주스 마시고 있을게,,NAME_PLAYER,Player_Seat,,,
VIDEO,6,NAME_ADULT,VIDEO_06,아!!,,NAME_ADULT,ADULT_Seat,,,
VIDEO,7,NAME_ADULT,VIDEO_07,뭔 오렌지주스야!!,,NAME_PLAYER|NAME_ADULT,Player_Seat_Boring|ADULT_Seat,,,
VIDEO,8,NAME_PLAYER,VIDEO_08,술 맛대가리 없다고;;;,,NAME_PLAYER|NAME_ADULT,Player_Seat_Boring|ADULT_Seat,,,
VIDEO,9,NAME_PLAYER,VIDEO_09,드럽게 비싸고 건강에도 안 좋고,,NAME_PLAYER|NAME_ADULT,Player_Seat_Boring|ADULT_Seat,,,
VIDEO,10,NAME_GONYONG,VIDEO_10,술자리에서 술을 안마시면,,NAME_PLAYER|NAME_ADULT|NAME_GONYONG,Player_Seat_Boring|ADULT_Seat|GONYONG_Seat,,,
VIDEO,11,NAME_GONYONG,VIDEO_11,무슨 재미로 있냐,,NAME_PLAYER|NAME_ADULT|NAME_GONYONG,Player_Seat_Boring|ADULT_Seat|GONYONG_Seat,,,
VIDEO,12,NAME_PLAYER,VIDEO_12,너네는 구경만 해도 재밌어,,NAME_PLAYER|NAME_ADULT|NAME_GONYONG,Player_Seat_Smile|ADULT_Seat|GONYONG_Seat,,,
VIDEO,13,NAME_PLAYER,VIDEO_13,일단 엉인이가 길바닥에 토하고,,NAME_PLAYER|NAME_ADULT|NAME_GONYONG,Player_Seat_Smile|ADULT_Seat|GONYONG_Seat,,,
VIDEO,14,NAME_PLAYER,VIDEO_14,괴성 질러서 경찰서 함 가주고,,NAME_PLAYER|NAME_ADULT|NAME_GONYONG,Player_Seat_Smile|ADULT_Seat_Smile|GONYONG_Seat,,,
VIDEO,15,NAME_GONYONG,VIDEO_15,ㅋㅋㅋㅋㅋㅋㅋㅋㅋㅋㅋㅋ,,NAME_PLAYER|NAME_ADULT|NAME_GONYONG,Player_Seat_Smile|ADULT_Seat_Smile|GONYONG_Seat_Boring,,,
VIDEO,16,NAME_ADULT,VIDEO_16,*랄,,NAME_PLAYER|NAME_ADULT|NAME_GONYONG,Player_Seat_Boring|ADULT_Seat_Smile|GONYONG_Seat_Boring,,,
VIDEO,17,NAME_ADULT,VIDEO_17,니 주스에 쏴주 탈 거다,,NAME_PLAYER|NAME_ADULT|NAME_GONYONG,Player_Seat_Boring|ADULT_Seat_Smile|GONYONG_Seat_Boring,,,
VIDEO,18,NAME_PLAYER,VIDEO_18,응 절대 안됨,,NAME_PLAYER|NAME_ADULT,Player_Seat_Boring|ADULT_Seat_Smile,,,
VIDEO,19,NAME_ADULT,VIDEO_19,응 되쥬??,,NAME_PLAYER|NAME_ADULT,Player_Seat_Boring|ADULT_Seat_Smile,,,
VIDEO,20,NAME_PLAYER,VIDEO_20,(종소리가 울린다),,,,,,
VIDEO,21,NAME_ADULT,VIDEO_21,체육쌤 언제 오시냐,,,,,,
VIDEO,22,NAME_PLAYER,VIDEO_22,몰라,,,,,,